filename,author,author_link,wikimedia_link,license_link,license_type,breed
sphynx_0001.jpg,Dmitry Makeev,https://commons.wikimedia.org/wiki/User:Knopik-som,https://commons.wikimedia.org/wiki/File:Cat_Sphynx._Kittens._img_11.jpg,https://creativecommons.org/licenses/by-sa/4.0/deed.en,Attribution-Share Alike 4.0 International,sphynx
sphynx_0002.jpg,Dmitry Makeev,https://commons.wikimedia.org/wiki/User:Knopik-som,https://commons.wikimedia.org/wiki/File:Cat_Sphynx._img_025.jpg,https://creativecommons.org/licenses/by-sa/4.0/deed.en,Attribution-Share Alike 4.0 International,sphynx
sphynx_0003.jpg,Dmitry Makeev,https://commons.wikimedia.org/wiki/User:Knopik-som,https://commons.wikimedia.org/wiki/File:Sphynx_-_studio_portrait_photographs_of_cats.jpg,https://creativecommons.org/licenses/by-sa/4.0/deed.en,Attribution-Share Alike 4.0 International,sphynx
sphynx_0004.jpg,Dmitry Makeev,https://commons.wikimedia.org/wiki/User:Knopik-som,https://commons.wikimedia.org/wiki/File:Chat_Sphynx.jpg,https://creativecommons.org/licenses/by-sa/4.0/deed.en,Attribution-Share Alike 4.0 International,sphynx
sphynx_0005.jpg,Dmitry Makeev,https://commons.wikimedia.org/wiki/User:Knopik-som,https://commons.wikimedia.org/wiki/File:Gato_Sphynx.jpg,https://creativecommons.org/licenses/by-sa/4.0/deed.en,Attribution-Share Alike 4.0 International,sphynx
sphynx_0006.jpg,Dmitry Makeev,https://commons.wikimedia.org/wiki/User:Knopik-som,https://commons.wikimedia.org/wiki/File:Sphynx_kittens.jpg,https://creativecommons.org/licenses/by-sa/4.0/deed.en,Attribution-Share Alike 4.0 International,sphynx
sphynx_0007.jpg,Dmitry Makeev,https://commons.wikimedia.org/wiki/User:Knopik-som,https://commons.wikimedia.org/wiki/File:Cat_Sphynx._Kittens._img_20.jpg,https://creativecommons.org/licenses/by-sa/4.0/deed.en,Attribution-Share Alike 4.0 International,sphynx
sphynx_0008.jpg,Dmitry Makeev,https://commons.wikimedia.org/wiki/User:Knopik-som,https://commons.wikimedia.org/wiki/File:Sphynx_-_cat._img_031.jpg,https://creativecommons.org/licenses/by-sa/4.0/deed.en,Attribution-Share Alike 4.0 International,sphynx
sphynx_0009.jpg,Dmitry Makeev,https://commons.wikimedia.org/wiki/User:Knopik-som,https://commons.wikimedia.org/wiki/File:Cat_-_Sphynx._img_095.jpg,https://creativecommons.org/licenses/by-sa/4.0/deed.en,Attribution-Share Alike 4.0 International,sphynx
sphynx_0010.jpg,Dmitry Makeev,https://commons.wikimedia.org/wiki/User:Knopik-som,https://commons.wikimedia.org/wiki/File:Sphynx_-_cat._img_019.jpg,https://creativecommons.org/licenses/by-sa/4.0/deed.en,Attribution-Share Alike 4.0 International,sphynx
sphynx_0011.jpg,Sonnqor,https://commons.wikimedia.org/wiki/User:Sonnqor,https://commons.wikimedia.org/wiki/File:Mr_Sphynx_Cat.jpg,https://creativecommons.org/licenses/by-sa/4.0/deed.en,Attribution-Share Alike 4.0 International,sphynx
sphynx_0012.jpg,Dmitry Makeev,https://commons.wikimedia.org/wiki/User:Knopik-som,https://commons.wikimedia.org/wiki/File:Sphynx_-_cat._img_032.jpg,https://creativecommons.org/licenses/by-sa/4.0/deed.en,Attribution-Share Alike 4.0 International,sphynx
sphynx_0013.jpg,Sonnqor,https://commons.wikimedia.org/wiki/User:Sonnqor,https://commons.wikimedia.org/wiki/File:Sphynx_Xat.jpg,https://creativecommons.org/licenses/by-sa/4.0/deed.en,Attribution-Share Alike 4.0 International,sphynx
sphynx_0014.jpg,Dmitry Makeev,https://commons.wikimedia.org/wiki/User:Knopik-som,https://commons.wikimedia.org/wiki/File:Sphynx_-_cat._img_014.jpg,https://creativecommons.org/licenses/by-sa/4.0/deed.en,Attribution-Share Alike 4.0 International,sphynx
sphynx_0015.jpg,Ghorayr,https://commons.wikimedia.org/wiki/User:Ghorayr,https://commons.wikimedia.org/wiki/File:The_Sphynx_Cat.jpg,https://creativecommons.org/licenses/by-sa/4.0/deed.en,Attribution-Share Alike 4.0 International,sphynx
sphynx_0016.jpg,Dmitry Makeev,https://commons.wikimedia.org/wiki/User:Knopik-som,https://commons.wikimedia.org/wiki/File:Cat_Sphynx._img_016.jpg,https://creativecommons.org/licenses/by-sa/4.0/deed.en,Attribution-Share Alike 4.0 International,sphynx
sphynx_0017.jpg,Dmitry Makeev,https://commons.wikimedia.org/wiki/User:Knopik-som,https://commons.wikimedia.org/wiki/File:Sphynx_-_cat._img_036.jpg,https://creativecommons.org/licenses/by-sa/4.0/deed.en,Attribution-Share Alike 4.0 International,sphynx
sphynx_0018.jpg,Dmitry Makeev,https://commons.wikimedia.org/wiki/User:Knopik-som,https://commons.wikimedia.org/wiki/File:Cat_Sphynx._img_056.jpg,https://creativecommons.org/licenses/by-sa/4.0/deed.en,Attribution-Share Alike 4.0 International,sphynx
sphynx_0019.jpg,Dmitry Makeev,https://commons.wikimedia.org/wiki/User:Knopik-som,https://commons.wikimedia.org/wiki/File:Cat_Sphynx._img_028.jpg,https://creativecommons.org/licenses/by-sa/4.0/deed.en,Attribution-Share Alike 4.0 International,sphynx
sphynx_0020.jpg,Dmitry Makeev,https://commons.wikimedia.org/wiki/User:Knopik-som,https://commons.wikimedia.org/wiki/File:Cat_Sphynx._img_057.jpg,https://creativecommons.org/licenses/by-sa/4.0/deed.en,Attribution-Share Alike 4.0 International,sphynx
sphynx_0021.jpg,Dmitry Makeev,https://commons.wikimedia.org/wiki/User:Knopik-som,https://commons.wikimedia.org/wiki/File:Sphynx_-_cat._img_017.jpg,https://creativecommons.org/licenses/by-sa/4.0/deed.en,Attribution-Share Alike 4.0 International,sphynx
sphynx_0022.jpg,Dmitry Makeev,https://commons.wikimedia.org/wiki/User:Knopik-som,https://commons.wikimedia.org/wiki/File:Cat_-_Sphynx._img_002.jpg,https://creativecommons.org/licenses/by-sa/4.0/deed.en,Attribution-Share Alike 4.0 International,sphynx
sphynx_0023.jpg,Dmitry Makeev,https://commons.wikimedia.org/wiki/User:Knopik-som,https://commons.wikimedia.org/wiki/File:Sphynx_-_cat._img_006.jpg,https://creativecommons.org/licenses/by-sa/4.0/deed.en,Attribution-Share Alike 4.0 International,sphynx
sphynx_0024.jpg,Dmitry Makeev,https://commons.wikimedia.org/wiki/User:Knopik-som,https://commons.wikimedia.org/wiki/File:Sphynx_-_cat._img_004.jpg,https://creativecommons.org/licenses/by-sa/4.0/deed.en,Attribution-Share Alike 4.0 International,sphynx
sphynx_0025.jpg,Dmitry Makeev,https://commons.wikimedia.org/wiki/User:Knopik-som,https://commons.wikimedia.org/wiki/File:Sphynx_-_cat._img_004.jpg,https://creativecommons.org/licenses/by-sa/4.0/deed.en,Attribution-Share Alike 4.0 International,sphynx
sphynx_0026.jpg,Dmitry Makeev,https://commons.wikimedia.org/wiki/User:Knopik-som,https://commons.wikimedia.org/wiki/File:Cat_-_Sphynx._img_033.jpg,https://creativecommons.org/licenses/by-sa/4.0/deed.en,Attribution-Share Alike 4.0 International,sphynx
sphynx_0027.jpg,Dmitry Makeev,https://commons.wikimedia.org/wiki/User:Knopik-som,https://commons.wikimedia.org/wiki/File:Cat_-_Sphynx._img_083.jpg,https://creativecommons.org/licenses/by-sa/4.0/deed.en,Attribution-Share Alike 4.0 International,sphynx
sphynx_0028.jpg,Dmitry Makeev,https://commons.wikimedia.org/wiki/User:Knopik-som,https://commons.wikimedia.org/wiki/File:Cat_-_Sphynx._img_074.jpg,https://creativecommons.org/licenses/by-sa/4.0/deed.en,Attribution-Share Alike 4.0 International,sphynx
sphynx_0029.jpg,Dmitry Makeev,https://commons.wikimedia.org/wiki/User:Knopik-som,https://commons.wikimedia.org/wiki/File:Cat_-_Sphynx._img_051.jpg,https://creativecommons.org/licenses/by-sa/4.0/deed.en,Attribution-Share Alike 4.0 International,sphynx
sphynx_0030.jpg,Dmitry Makeev,https://commons.wikimedia.org/wiki/User:Knopik-som,https://commons.wikimedia.org/wiki/File:Cat_-_Sphynx._img_081.jpg,https://creativecommons.org/licenses/by-sa/4.0/deed.en,Attribution-Share Alike 4.0 International,sphynx
sphynx_0031.jpg,Dmitry Makeev,https://commons.wikimedia.org/wiki/User:Knopik-som,https://commons.wikimedia.org/wiki/File:Cat_-_Sphynx._img_023.jpg,https://creativecommons.org/licenses/by-sa/4.0/deed.en,Attribution-Share Alike 4.0 International,sphynx
sphynx_0032.jpg,Dmitry Makeev,https://commons.wikimedia.org/wiki/User:Knopik-som,https://commons.wikimedia.org/wiki/File:Cat_Sphynx._img_041.jpg,https://creativecommons.org/licenses/by-sa/4.0/deed.en,Attribution-Share Alike 4.0 International,sphynx
sphynx_0033.jpg,Dmitry Makeev,https://commons.wikimedia.org/wiki/User:Knopik-som,https://commons.wikimedia.org/wiki/File:Sphynx_studio_portrait_photographs_of_cat.jpg,https://creativecommons.org/licenses/by-sa/4.0/deed.en,Attribution-Share Alike 4.0 International,sphynx
sphynx_0034.jpg,Dmitry Makeev,https://commons.wikimedia.org/wiki/User:Knopik-som,https://commons.wikimedia.org/wiki/File:Sphynx_-_cat._img_028.jpg,https://creativecommons.org/licenses/by-sa/4.0/deed.en,Attribution-Share Alike 4.0 International,sphynx
sphynx_0035.jpg,Dmitry Makeev,https://commons.wikimedia.org/wiki/User:Knopik-som,https://commons.wikimedia.org/wiki/File:Sphynx_-_cat._img_030.jpg,https://creativecommons.org/licenses/by-sa/4.0/deed.en,Attribution-Share Alike 4.0 International,sphynx
sphynx_0036.jpg,Dmitry Makeev,https://commons.wikimedia.org/wiki/User:Knopik-som,https://commons.wikimedia.org/wiki/File:Cat_Sphynx._img_058.jpg,https://creativecommons.org/licenses/by-sa/4.0/deed.en,Attribution-Share Alike 4.0 International,sphynx
sphynx_0037.jpg,Dmitry Makeev,https://commons.wikimedia.org/wiki/User:Knopik-som,https://commons.wikimedia.org/wiki/File:Cat_Sphynx._img_058.jpg,https://creativecommons.org/licenses/by-sa/4.0/deed.en,Attribution-Share Alike 4.0 International,sphynx
sphynx_0038.jpg,Dmitry Makeev,https://commons.wikimedia.org/wiki/User:Knopik-som,https://commons.wikimedia.org/wiki/File:Cat_Sphynx._img_009.jpg,https://creativecommons.org/licenses/by-sa/4.0/deed.en,Attribution-Share Alike 4.0 International,sphynx
sphynx_0039.jpg,Dmitry Makeev,https://commons.wikimedia.org/wiki/User:Knopik-som,https://commons.wikimedia.org/wiki/File:Cat_-_Sphynx._img_068.jpg,https://creativecommons.org/licenses/by-sa/4.0/deed.en,Attribution-Share Alike 4.0 International,sphynx
sphynx_0040.jpg,Dmitry Makeev,https://commons.wikimedia.org/wiki/User:Knopik-som,https://commons.wikimedia.org/wiki/File:Cat_-_Sphynx._img_097.jpg,https://creativecommons.org/licenses/by-sa/4.0/deed.en,Attribution-Share Alike 4.0 International,sphynx
sphynx_0041.jpg,Dmitry Makeev,https://commons.wikimedia.org/wiki/User:Knopik-som,https://commons.wikimedia.org/wiki/File:Cat_-_Sphynx._img_097.jpg,https://creativecommons.org/licenses/by-sa/4.0/deed.en,Attribution-Share Alike 4.0 International,sphynx
sphynx_0042.jpg,Dmitry Makeev,https://commons.wikimedia.org/wiki/User:Knopik-som,https://commons.wikimedia.org/wiki/File:Sphynx_-_cat._img_052.jpg,https://creativecommons.org/licenses/by-sa/4.0/deed.en,Attribution-Share Alike 4.0 International,sphynx
sphynx_0043.jpg,Dmitry Makeev,https://commons.wikimedia.org/wiki/User:Knopik-som,https://commons.wikimedia.org/wiki/File:Cat_-_Sphynx._img_075.jpg,https://creativecommons.org/licenses/by-sa/4.0/deed.en,Attribution-Share Alike 4.0 International,sphynx
sphynx_0044.jpg,Dmitry Makeev,https://commons.wikimedia.org/wiki/User:Knopik-som,https://commons.wikimedia.org/wiki/File:Cat_Sphynx._img_004.jpg,https://creativecommons.org/licenses/by-sa/4.0/deed.en,Attribution-Share Alike 4.0 International,sphynx
sphynx_0045.jpg,Dmitry Makeev,https://commons.wikimedia.org/wiki/User:Knopik-som,https://commons.wikimedia.org/wiki/File:Cat_-_Sphynx._img_015.jpg,https://creativecommons.org/licenses/by-sa/4.0/deed.en,Attribution-Share Alike 4.0 International,sphynx
sphynx_0046.jpg,Dmitry Makeev,https://commons.wikimedia.org/wiki/User:Knopik-som,https://commons.wikimedia.org/wiki/File:Cat_-_Sphynx._img_015.jpg,https://creativecommons.org/licenses/by-sa/4.0/deed.en,Attribution-Share Alike 4.0 International,sphynx
sphynx_0047.jpg,Dmitry Makeev,https://commons.wikimedia.org/wiki/User:Knopik-som,https://commons.wikimedia.org/wiki/File:Cat_-_Sphynx._img_092.jpg,https://creativecommons.org/licenses/by-sa/4.0/deed.en,Attribution-Share Alike 4.0 International,sphynx
sphynx_0048.jpg,Dmitry Makeev,https://commons.wikimedia.org/wiki/User:Knopik-som,https://commons.wikimedia.org/wiki/File:Cat_-_Sphynx._img_093.jpg,https://creativecommons.org/licenses/by-sa/4.0/deed.en,Attribution-Share Alike 4.0 International,sphynx
sphynx_0049.jpg,Dmitry Makeev,https://commons.wikimedia.org/wiki/User:Knopik-som,https://commons.wikimedia.org/wiki/File:Sphynx_-_cat._img_010.jpg,https://creativecommons.org/licenses/by-sa/4.0/deed.en,Attribution-Share Alike 4.0 International,sphynx
sphynx_0050.jpg,Dmitry Makeev,https://commons.wikimedia.org/wiki/User:Knopik-som,https://commons.wikimedia.org/wiki/File:Sphynx_-_cat._img_034.jpg,https://creativecommons.org/licenses/by-sa/4.0/deed.en,Attribution-Share Alike 4.0 International,sphynx
sphynx_0051.jpg,Dmitry Makeev,https://commons.wikimedia.org/wiki/User:Knopik-som,https://commons.wikimedia.org/wiki/File:Cat_-_Sphynx._img_052.jpg,https://creativecommons.org/licenses/by-sa/4.0/deed.en,Attribution-Share Alike 4.0 International,sphynx
sphynx_0052.jpg,Dmitry Makeev,https://commons.wikimedia.org/wiki/User:Knopik-som,https://commons.wikimedia.org/wiki/File:Cat_Sphynx._img_015.jpg,https://creativecommons.org/licenses/by-sa/4.0/deed.en,Attribution-Share Alike 4.0 International,sphynx
mixed_0001.jpg,Emperor Gibus the 3rd,https://commons.wikimedia.org/wiki/User:Emperor_Gibus_the_3rd,"https://commons.wikimedia.org/wiki/File:Jellybean,_an_American_mixed_breed_cat_who_is_entirely_indifferent_to_becoming_immortalised_on_Wikipedia.jpg",https://creativecommons.org/licenses/by-sa/4.0/deed.en,Attribution-Share Alike 4.0 International,mixed
mixed_0002.jpg,Takashi Hososhima,https://www.flickr.com/people/46151146@N04,"https://commons.wikimedia.org/wiki/File:Its_raining_cats_and_cats,_cat_cafe_Nekorobi_in_Ikebukuro,_Tokyo_(2012_photo;_cropped_2022).jpg",https://creativecommons.org/licenses/by-sa/2.0/deed.en,Attribution-Share Alike 2.0 Generic,mixed
mixed_0003.jpg,Takashi Hososhima,https://www.flickr.com/people/46151146@N04,https://commons.wikimedia.org/wiki/File:Top_of_a_cat_tree_(5370445224).jpg,https://creativecommons.org/licenses/by-sa/2.0/deed.en,Attribution-Share Alike 2.0 Generic,mixed
mixed_0004.jpg,Takashi Hososhima,https://www.flickr.com/people/46151146@N04,https://commons.wikimedia.org/wiki/File:Its_raining_cats_and_cats_(8294831941).jpg,https://creativecommons.org/licenses/by-sa/2.0/deed.en,Attribution-Share Alike 2.0 Generic,mixed
mixed_0005.jpg,Chatterie Sinh,https://commons.wikimedia.org/wiki/User:Chatterie_Sinh,https://commons.wikimedia.org/wiki/File:Zoleil.jpg,https://creativecommons.org/licenses/by-sa/3.0/deed.en,3.0 Unported,mixed
mixed_0006.jpg,Takashi Hososhima,https://www.flickr.com/people/46151146@N04,https://commons.wikimedia.org/wiki/File:Love_to_stay_the_desk_(8552405335).jpg,https://creativecommons.org/licenses/by-sa/2.0/deed.en,Attribution-Share Alike 2.0 Generic,mixed
mixed_0007.jpg,Takashi Hososhima,https://www.flickr.com/people/46151146@N04,https://commons.wikimedia.org/wiki/File:Good_friends_(7804918220).jpg,https://creativecommons.org/licenses/by-sa/2.0/deed.en,Attribution-Share Alike 2.0 Generic,mixed
mixed_0008.jpg,Takashi Hososhima,https://www.flickr.com/people/46151146@N04,https://commons.wikimedia.org/wiki/File:Are_you_going_to_give_me_some_food%3F_(5668368427).jpg,https://creativecommons.org/licenses/by-sa/2.0/deed.en,Attribution-Share Alike 2.0 Generic,mixed
mixed_0009.jpg,Sherwin,https://commons.wikimedia.org/w/index.php?title=User:Sherwin2&action=edit&redlink=1,https://commons.wikimedia.org/wiki/File:Egyptian_Mau_mix.jpg,https://creativecommons.org/licenses/by-sa/4.0/deed.en,Attribution-Share Alike 4.0 International,mixed
mixed_0010.jpg,Takashi Hososhima,https://www.flickr.com/people/46151146@N04,https://commons.wikimedia.org/wiki/File:Another_shot_of_Doraemon_(5373329129).jpg,https://creativecommons.org/licenses/by-sa/2.0/deed.en,Attribution-Share Alike 2.0 Generic,mixed
mixed_0011.jpg,gala.martin,https://commons.wikimedia.org/wiki/User:Gala.martin,https://commons.wikimedia.org/wiki/File:3months-old_crossbreed_cats.jpg,https://creativecommons.org/licenses/by-sa/2.5/deed.en,2.5 Generic,mixed
mixed_0012.jpg,racky salzman,https://web.archive.org/web/20161019214843/http://www.panoramio.com/user/5767915?with_photo_id=66888408,https://commons.wikimedia.org/wiki/File:Hahaha_-_panoramio.jpg,https://creativecommons.org/licenses/by-sa/3.0/deed.en,Attribution-Share Alike 3.0 Unported,mixed
mixed_0013.jpg,Brian-R-Phillips,https://commons.wikimedia.org/wiki/User:Brian-R-Phillips,https://commons.wikimedia.org/wiki/File:Lunar_the_cat.jpg,https://creativecommons.org/licenses/by-sa/4.0/deed.en,Attribution-Share Alike 4.0 International,mixed
mixed_0014.jpg,Carlos Valenzuela,https://commons.wikimedia.org/wiki/User:Cvmontuy,https://commons.wikimedia.org/wiki/File:Cat_front2017.jpg,https://creativecommons.org/licenses/by-sa/4.0/deed.en,Attribution-Share Alike 4.0 International,mixed
mixed_0015.jpg,Norbert Nagel,https://commons.wikimedia.org/wiki/User:NorbertNagel,https://commons.wikimedia.org/wiki/File:Stray_cat_-_Perissa_-_Santorini_-_Greece.jpg,https://creativecommons.org/licenses/by-sa/3.0/deed.en,Attribution-Share Alike 3.0 Unported,mixed
mixed_0016.jpg,Monalisa Beltharia,https://commons.wikimedia.org/wiki/User:Monalisa_Beltharia,https://commons.wikimedia.org/wiki/File:Domestic_Cat_%27Moonie%27.jpg,https://creativecommons.org/licenses/by-sa/4.0/deed.en,Attribution-Share Alike 4.0 International,mixed
mixed_0017.jpg,MichalPL,https://commons.wikimedia.org/w/index.php?title=User:MichalPL&action=edit&redlink=1,https://commons.wikimedia.org/wiki/File:Domestic_cat_in_Poland.jpg,https://creativecommons.org/licenses/by-sa/4.0/deed.en,Attribution-Share Alike 4.0 International,mixed
mixed_0018.jpg,Julián Monge-Nájera,https://commons.wikimedia.org/wiki/User:MongeNajera,https://commons.wikimedia.org/wiki/File:Female_domestic_cat_black_and_white_02.jpg,https://creativecommons.org/licenses/by-sa/4.0/deed.en,Attribution-Share Alike 4.0 International,mixed
mixed_0019.jpg,Htm,https://commons.wikimedia.org/wiki/User:Htm,https://commons.wikimedia.org/wiki/File:Tricolor_domestic_cat_in_Suomenlinna.jpg,https://creativecommons.org/licenses/by-sa/4.0/deed.en,Attribution-Share Alike 4.0 International,mixed
mixed_0020.jpg,Julián Monge-Nájera,https://commons.wikimedia.org/wiki/User:MongeNajera,https://commons.wikimedia.org/wiki/File:Black_male_domestic_cat_02.jpg,https://creativecommons.org/licenses/by-sa/4.0/deed.en,Attribution-Share Alike 4.0 International,mixed
mixed_0021.jpg,Izemeh,https://commons.wikimedia.org/w/index.php?title=User:Izemah&action=edit&redlink=1,https://commons.wikimedia.org/wiki/File:Domestic_cat_sleeping.JPG,https://creativecommons.org/licenses/by-sa/4.0/deed.en,4.0 International,mixed
mixed_0022.jpg,Navvvrisk,https://commons.wikimedia.org/w/index.php?title=User:Navvvrisk&action=edit&redlink=1,https://commons.wikimedia.org/wiki/File:Domestic_Cat_in_process_of_killing_a_ruffed_grouse.jpg,https://creativecommons.org/licenses/by-sa/4.0/deed.en,Attribution-Share Alike 4.0 International,mixed
mixed_0023.jpg,Maurice Flesier,https://commons.wikimedia.org/wiki/User:Maurice_Flesier,https://commons.wikimedia.org/wiki/File:A_domestic_cat_is_walking.jpg,https://creativecommons.org/licenses/by-sa/4.0/deed.en,Attribution-Share Alike 4.0 International,mixed
mixed_0024.jpg,Vectra,https://commons.wikimedia.org/w/index.php?title=User:Vectra&action=edit&redlink=1,https://commons.wikimedia.org/wiki/File:Domestic_cat_-_Croatia.JPG,https://creativecommons.org/licenses/by-sa/3.0/deed.en,Attribution-Share Alike 3.0 Unported,mixed
mixed_0025.jpg,Barras,https://commons.wikimedia.org/wiki/User:Barras,https://commons.wikimedia.org/wiki/File:Domestic_cat_(Barras).JPG,https://creativecommons.org/licenses/by-sa/3.0/deed.en,Attribution-Share Alike 3.0 Unported,mixed
mixed_0026.jpg,Banoviciminer,https://commons.wikimedia.org/w/index.php?title=User:Banoviciminer&action=edit&redlink=1,"https://commons.wikimedia.org/wiki/File:Domestic_cat_Felis_catus,_Mahdia,_Algeria.jpg",https://creativecommons.org/licenses/by-sa/4.0/deed.en,Attribution-Share Alike 4.0 International,mixed
mixed_0027.jpg,Navaneeth Krishnan S,https://commons.wikimedia.org/wiki/User:Edukeralam,https://commons.wikimedia.org/wiki/File:Felis_catus-_whiskers_of_a_Domestic_Cat_from_Kerala_02.jpg,https://creativecommons.org/licenses/by-sa/4.0/deed.en,Attribution-Share Alike 4.0 International,mixed
mixed_0028.jpg,Wikimpan,https://commons.wikimedia.org/wiki/User:Wikimpan,"https://commons.wikimedia.org/wiki/File:Elwira,_a_domestic_cat.jpg",https://creativecommons.org/licenses/by-sa/4.0/deed.en,Attribution-Share Alike 4.0 International,mixed
mixed_0029.jpg,Nancy Wong,https://commons.wikimedia.org/wiki/User:Edmunddantes,https://commons.wikimedia.org/wiki/File:Domestic_short_hair_tuxedo_cat_on_red_rug.jpg,https://creativecommons.org/licenses/by-sa/3.0/deed.en,Attribution-Share Alike 3.0 Unported,mixed
mixed_0030.jpg,Indian poet,https://commons.wikimedia.org/w/index.php?title=User:Indian_poet&action=edit&redlink=1,https://commons.wikimedia.org/wiki/File:DOMESTIC_CAT_1.JPG,https://creativecommons.org/licenses/by-sa/3.0/deed.en,Attribution-Share Alike 3.0 Unported,mixed
mixed_0031.jpg,Deavmi,https://commons.wikimedia.org/wiki/User:Deavmi,https://commons.wikimedia.org/wiki/File:Domestic_cat_3.jpg,https://creativecommons.org/licenses/by-sa/3.0/deed.en,Attribution-Share Alike 3.0 Unported,mixed
mixed_0032.jpg,Ryan Hodnett,https://commons.wikimedia.org/wiki/User:Ryan_Hodnett,https://commons.wikimedia.org/wiki/File:Domestic_Cat_(Felis_catus)_in_a_Box.jpg,https://creativecommons.org/licenses/by-sa/4.0/deed.en,Attribution-Share Alike 4.0 International,mixed
mixed_0033.jpg,Wasiul Bahar,https://commons.wikimedia.org/wiki/User:Wasiul_Bahar,https://commons.wikimedia.org/wiki/File:Cat_in_Notre_Dame_college_Dhaka.jpg,https://creativecommons.org/licenses/by-sa/4.0/deed.en,Attribution-Share Alike 4.0 International,mixed
mixed_0034.jpg,Jakub Hałun,https://commons.wikimedia.org/wiki/User:Jakubhal,"https://commons.wikimedia.org/wiki/File:Kot_na_ulicy_D%C5%BCakarty_w_Indonezji,_20220828_1635_1446.jpg",https://creativecommons.org/licenses/by-sa/4.0/deed.en,Attribution-Share Alike 4.0 International,mixed
mixed_0035.jpg,Mike Switzerland,https://commons.wikimedia.org/wiki/User:Mike_Switzerland,https://commons.wikimedia.org/wiki/File:RedCat_8727.jpg,https://creativecommons.org/licenses/by-sa/2.5/deed.en,2.5 Generic,mixed
mixed_0036.jpg,DestinationFearFan,https://commons.wikimedia.org/wiki/User:DestinationFearFan,https://commons.wikimedia.org/wiki/File:Domestic_short-haired_cat_in_Hawaii.jpg,https://creativecommons.org/licenses/by-sa/4.0/deed.en,Attribution-Share Alike 4.0 International,mixed
mixed_0037.jpg,Vilena66,https://commons.wikimedia.org/wiki/User:Vilena66,https://commons.wikimedia.org/wiki/File:Domestic_black_cat.jpg,https://creativecommons.org/licenses/by-sa/4.0/deed.en,Attribution-Share Alike 4.0 International,mixed
mixed_0038.jpg,Maurice Flesier,https://commons.wikimedia.org/wiki/User:Maurice_Flesier,https://commons.wikimedia.org/wiki/File:Yellow_domestic_cat_is_resting.jpg,https://creativecommons.org/licenses/by-sa/4.0/deed.en,Attribution-Share Alike 4.0 International,mixed
mixed_0039.jpg,Kenneth  Allen,https://www.geograph.org.uk/profile/2282,"https://commons.wikimedia.org/wiki/File:Domestic_cat,_Omagh_-_geograph.org.uk_-_3850642.jpg",https://creativecommons.org/licenses/by-sa/2.0/deed.en,Attribution-Share Alike 2.0 Generic,mixed
mixed_0040.jpg,Scott,https://www.flickr.com/photos/22602916@N00,https://commons.wikimedia.org/wiki/File:White_Domestic_Shorthair_Cat_2006_(cropped).jpg,https://creativecommons.org/licenses/by-sa/2.0/deed.en,Attribution-Share Alike 2.0 Generic,mixed
mixed_0041.jpg,Brocken Inaglory,https://sites.google.com/site/thebrockeninglory/,https://commons.wikimedia.org/wiki/File:Feral_cat_3.JPG,https://creativecommons.org/licenses/by-sa/3.0/deed.en,3.0 Unported,mixed
mixed_0042.jpg,Brocken Inaglory,https://sites.google.com/site/thebrockeninglory/,https://commons.wikimedia.org/wiki/File:Feral_cat_2.JPG,https://creativecommons.org/licenses/by-sa/3.0/deed.en,3.0 Unported,mixed
mixed_0043.jpg,EWilson (Volunteer),https://commons.wikimedia.org/wiki/User:EWilson_(Volunteer),https://commons.wikimedia.org/wiki/File:Feral_calico_cat_Istanbul.jpg,https://creativecommons.org/licenses/by-sa/4.0/deed.en,Attribution-Share Alike 4.0 International,mixed
mixed_0044.jpg,Fred Hsu,https://en.wikipedia.org/wiki/User:Fred_Hsu,https://commons.wikimedia.org/wiki/File:Taiwan_2009_JinGuaShi_Historic_Gold_Mine_Stray_Cat_FRD_8947.jpg,https://creativecommons.org/licenses/by-sa/3.0/deed.en,Attribution-Share Alike 3.0 Unported,mixed
mixed_0045.jpg,Fred Hsu,https://en.wikipedia.org/wiki/User:Fred_Hsu,https://commons.wikimedia.org/wiki/File:Taiwan_2009_JinGuaShi_Historic_Gold_Mine_Stray_Cat_FRD_8947.jpg,https://creativecommons.org/licenses/by-sa/3.0/deed.en,Attribution-Share Alike 3.0 Unported,mixed
mixed_0046.jpg,Elena Chochkova,https://commons.wikimedia.org/wiki/User:Eola,https://commons.wikimedia.org/wiki/File:Cat_E2.jpg,https://creativecommons.org/licenses/by-sa/3.0/deed.en,Attribution-Share Alike 3.0 Unported,mixed
mixed_0047.jpg,Maschicco,https://commons.wikimedia.org/wiki/User:Maschicco,https://commons.wikimedia.org/wiki/File:A_cat_who_loves_fish.jpg,https://creativecommons.org/licenses/by-sa/4.0/deed.en,Attribution-Share Alike 4.0 International,mixed
mixed_0048.jpg,masatsu,https://www.flickr.com/people/30447586@N00,https://commons.wikimedia.org/wiki/File:Today%27s_Cat@2015-03-16_(16647833549).jpg,https://creativecommons.org/licenses/by-sa/2.0/deed.en,Attribution-Share Alike 2.0 Generic,mixed
mixed_0049.jpg,René Modery,https://www.flickr.com/photos/83358088@N00,https://commons.wikimedia.org/wiki/File:Tortoiseshell_singapore_stray_cat_(cropped).jpg,https://creativecommons.org/licenses/by-sa/2.0/deed.en,Attribution-Share Alike 2.0 Generic,mixed
mixed_0050.jpg,Yair Haklai,https://commons.wikimedia.org/wiki/User:Yair-haklai,https://commons.wikimedia.org/wiki/File:Feral_cat_in_Istanbul.jpg,https://creativecommons.org/licenses/by-sa/4.0/deed.en,Attribution-Share Alike 4.0 International,mixed
mixed_0051.jpg,Alexey Komarov,https://commons.wikimedia.org/wiki/User:Alexkom000,https://commons.wikimedia.org/wiki/File:Citizen_of_Dubai.jpg,https://creativecommons.org/licenses/by-sa/4.0/deed.en,Attribution-Share Alike 4.0 International,mixed
mixed_0052.jpg,Alexey Komarov,https://commons.wikimedia.org/wiki/User:Alexkom000,https://commons.wikimedia.org/wiki/File:Citizen_of_Dubai.jpg,https://creativecommons.org/licenses/by-sa/4.0/deed.en,Attribution-Share Alike 4.0 International,mixed
mixed_0053.jpg,Alexey Komarov,https://commons.wikimedia.org/wiki/User:Alexkom000,"https://commons.wikimedia.org/wiki/File:A_feral_cat_in_Virpazar,_Montenegro.jpg",https://creativecommons.org/licenses/by-sa/4.0/deed.en,Attribution-Share Alike 4.0 International,mixed
mixed_0054.jpg,Alexey Komarov,https://commons.wikimedia.org/wiki/User:Alexkom000,https://commons.wikimedia.org/wiki/File:Feral_cat_in_Krasnodar-2009-06-26.jpg,https://creativecommons.org/licenses/by-sa/4.0/deed.en,Attribution-Share Alike 4.0 International,mixed
mixed_0055.jpg,Alexey Komarov,https://commons.wikimedia.org/wiki/User:Alexkom000,"https://commons.wikimedia.org/wiki/File:A_feral_cat_in_Kotor,_Montenegro-2.jpg",https://creativecommons.org/licenses/by-sa/4.0/deed.en,Attribution-Share Alike 4.0 International,mixed
mixed_0056.jpg,Alexey Komarov,https://commons.wikimedia.org/wiki/User:Alexkom000,"https://commons.wikimedia.org/wiki/File:A_feral_cat_in_Krasnodar,_Russia-2010-03-27.jpg",https://creativecommons.org/licenses/by-sa/4.0/deed.en,Attribution-Share Alike 4.0 International,mixed
mixed_0057.jpg,Alexey Komarov,https://commons.wikimedia.org/wiki/User:Alexkom000,"https://commons.wikimedia.org/wiki/File:A_feral_cat_in_Varna,_December,_2018-7.jpg",https://creativecommons.org/licenses/by-sa/4.0/deed.en,Attribution-Share Alike 4.0 International,mixed
mixed_0058.jpg,Alexey Komarov,https://commons.wikimedia.org/wiki/User:Alexkom000,"https://commons.wikimedia.org/wiki/File:A_feral_cat_in_Varna,_December,_2018-7.jpg",https://creativecommons.org/licenses/by-sa/4.0/deed.en,Attribution-Share Alike 4.0 International,mixed
mixed_0059.jpg,Eatcha,https://commons.wikimedia.org/wiki/User:Eatcha,https://commons.wikimedia.org/wiki/File:Cat_yawning_in_park.jpg,https://creativecommons.org/licenses/by-sa/4.0/deed.en,Attribution-Share Alike 4.0 International,mixed
mixed_0060.jpg,663highland,https://ja.wikipedia.org/wiki/user:663highland,https://commons.wikimedia.org/wiki/File:Muryokoji_Wakayama13n4272.jpg,https://creativecommons.org/licenses/by/2.5/deed.en,Attribution 2.5 Generic,mixed
mixed_0061.jpg,Горбунова М.С.,https://commons.wikimedia.org/wiki/User:%D0%93%D0%BE%D1%80%D0%B1%D1%83%D0%BD%D0%BE%D0%B2%D0%B0_%D0%9C.%D0%A1.,https://commons.wikimedia.org/wiki/File:Our_feral_cats_3.jpg,https://creativecommons.org/licenses/by-sa/4.0/deed.en,Attribution-Share Alike 4.0 International,mixed
mixed_0062.jpg,George E. Koronaios,https://commons.wikimedia.org/wiki/User:George_E._Koronaios,"https://commons.wikimedia.org/wiki/File:A_stray_cat_at_the_Monument_of_Lysicrates_(Athens,_Greece,_2018;_cropped_2023).jpg",https://creativecommons.org/licenses/by-sa/4.0/deed.en,Attribution-Share Alike 4.0 International,mixed
mixed_0063.jpg,spoilt.exile,https://www.flickr.com/people/96301483@N05,https://commons.wikimedia.org/wiki/File:%D0%9A%D0%BE%D1%82-%D0%B1%D1%80%D0%BE%D0%B4%D1%8F%D0%B3%D0%B0_Stray_cat_(48585187707).jpg,https://creativecommons.org/licenses/by-sa/2.0/deed.en,Attribution-Share Alike 2.0 Generic,mixed
mixed_0064.jpg,spoilt.exile,https://www.flickr.com/people/96301483@N05,https://commons.wikimedia.org/wiki/File:%D0%9A%D0%BE%D1%82-%D0%B1%D1%80%D0%BE%D0%B4%D1%8F%D0%B3%D0%B0_Stray_cat_(48585187707).jpg,https://creativecommons.org/licenses/by-sa/2.0/deed.en,Attribution-Share Alike 2.0 Generic,mixed
mixed_0065.jpg,Carlos Valenzuela,https://commons.wikimedia.org/wiki/User:Cvmontuy,https://commons.wikimedia.org/wiki/File:Cat_front2017.jpg,https://creativecommons.org/licenses/by-sa/4.0/deed.en,Attribution-Share Alike 4.0 International,mixed
mixed_0066.jpg,Андрей Романенко,https://commons.wikimedia.org/wiki/User:%D0%90%D0%BD%D0%B4%D1%80%D0%B5%D0%B9_%D0%A0%D0%BE%D0%BC%D0%B0%D0%BD%D0%B5%D0%BD%D0%BA%D0%BE,https://commons.wikimedia.org/wiki/File:A_cat_from_Pyatigorsk_2012_(cropped_2019).jpg,https://creativecommons.org/licenses/by-sa/3.0/deed.en,Attribution-Share Alike 3.0 Unported,mixed
mixed_0067.jpg,Alexey Komarov,https://commons.wikimedia.org/wiki/User:Alexkom000,"https://commons.wikimedia.org/wiki/File:Cat_in_Krasnodar,_July,_2012.jpg",https://creativecommons.org/licenses/by-sa/4.0/deed.en,Attribution-Share Alike 4.0 International,mixed
mixed_0068.jpg,Melissamarzo,https://commons.wikimedia.org/wiki/User:Melissamarzo,"https://commons.wikimedia.org/wiki/File:Street_cat_in_Istanbul_-_T%C3%BCrkiye,_2023.jpg",https://creativecommons.org/licenses/by-sa/4.0/deed.en,Attribution-Share Alike 4.0 International,mixed
mixed_0069.jpg,Melissamarzo,https://commons.wikimedia.org/wiki/User:Melissamarzo,"https://commons.wikimedia.org/wiki/File:Street_cat_in_Istanbul_-_T%C3%BCrkiye,_2023.jpg",https://creativecommons.org/licenses/by-sa/4.0/deed.en,Attribution-Share Alike 4.0 International,mixed
mixed_0070.jpg,Андрей Романенко,https://commons.wikimedia.org/wiki/User:%D0%90%D0%BD%D0%B4%D1%80%D0%B5%D0%B9_%D0%A0%D0%BE%D0%BC%D0%B0%D0%BD%D0%B5%D0%BD%D0%BA%D0%BE,https://commons.wikimedia.org/wiki/File:A_cat_of_Lutsk_04.jpg,https://creativecommons.org/licenses/by-sa/4.0/deed.en,Attribution-Share Alike 4.0 International,mixed
mixed_0071.jpg,Yuriy Kvach,https://commons.wikimedia.org/wiki/User:Ykvach,https://commons.wikimedia.org/wiki/File:Black_cat_from_Moldovanka.jpg,https://creativecommons.org/licenses/by-sa/3.0/deed.en,Attribution-Share Alike 3.0 Unported,mixed
mixed_0072.jpg,Fitri Penyalai,https://commons.wikimedia.org/wiki/User:Fitri_Penyalai,https://commons.wikimedia.org/wiki/File:Kucing_Coklat_Belang.jpg,https://creativecommons.org/licenses/by-sa/4.0/deed.en,Attribution-Share Alike 4.0 International,mixed
mixed_0073.jpg,Felis_silvestris_catus.010_-_La_Coruña.JPG,https://commons.wikimedia.org/wiki/File:Felis_silvestris_catus.010_-_La_Coru%C3%B1a.JPG,https://commons.wikimedia.org/wiki/File:Calico_cat_in_La_Coruna_of_Spain-01.jpg,https://creativecommons.org/licenses/by-sa/3.0/deed.en,3.0 Unported,mixed
mixed_0074.jpg,Zeynel Cebeci,https://commons.wikimedia.org/wiki/User:Zcebeci,"https://commons.wikimedia.org/wiki/File:Street_Cat,_Adana_2016-12-10_02-1.jpg",https://creativecommons.org/licenses/by-sa/4.0/deed.en,Attribution-Share Alike 4.0 International,mixed
mixed_0075.jpg,Zeynel Cebeci,https://commons.wikimedia.org/wiki/User:Zcebeci,"https://commons.wikimedia.org/wiki/File:Street_Cat,_Adana_2016-12-10_06-1.jpg",https://creativecommons.org/licenses/by-sa/4.0/deed.en,Attribution-Share Alike 4.0 International,mixed
mixed_0076.jpg,Zeynel Cebeci,https://commons.wikimedia.org/wiki/User:Zcebeci,"https://commons.wikimedia.org/wiki/File:Street_Cat,_Adana_2016-12-10_06-1.jpg",https://creativecommons.org/licenses/by-sa/4.0/deed.en,Attribution-Share Alike 4.0 International,mixed
mixed_0077.jpg,Zeynel Cebeci,https://commons.wikimedia.org/wiki/User:Zcebeci,"https://commons.wikimedia.org/wiki/File:Street_Cat,_Adana_2016-12-10_06-1.jpg",https://creativecommons.org/licenses/by-sa/4.0/deed.en,Attribution-Share Alike 4.0 International,mixed
mixed_0078.jpg,Zeynel Cebeci,https://commons.wikimedia.org/wiki/User:Zcebeci,"https://commons.wikimedia.org/wiki/File:Street_Cat,_Adana_2016-12-10_06-1.jpg",https://creativecommons.org/licenses/by-sa/4.0/deed.en,Attribution-Share Alike 4.0 International,mixed
mixed_0079.jpg,Utilisateur:Djampa,https://fr.wikipedia.org/wiki/Utilisateur:Djampa,https://commons.wikimedia.org/wiki/File:Jerusalem_Nahlaot_cat_P1060235.JPG,https://creativecommons.org/licenses/by-sa/4.0/deed.en,4.0 International,mixed
mixed_0080.jpg,Zaqarbal,https://commons.wikimedia.org/wiki/User:Zaqarbal,https://commons.wikimedia.org/wiki/File:Gato_callejero_en_Madrid_12.jpg,https://creativecommons.org/licenses/by-sa/3.0/deed.en,Attribution-Share Alike 3.0 Unported,mixed
mixed_0081.jpg,Utilisateur:Djampa,https://fr.wikipedia.org/wiki/Utilisateur:Djampa,https://commons.wikimedia.org/wiki/File:Jerusalem_Nahlaot_cat_P1060278.JPG,https://creativecommons.org/licenses/by-sa/4.0/deed.en,4.0 International,mixed
mixed_0082.jpg,Utilisateur:Djampa,https://fr.wikipedia.org/wiki/Utilisateur:Djampa,https://commons.wikimedia.org/wiki/File:Jerusalem_Nahlaot_cat_P1060278.JPG,https://creativecommons.org/licenses/by-sa/4.0/deed.en,4.0 International,mixed
mixed_0083.jpg,Utilisateur:Djampa,https://fr.wikipedia.org/wiki/Utilisateur:Djampa,https://commons.wikimedia.org/wiki/File:Jerusalem_Nahlaot_cat_P1060278.JPG,https://creativecommons.org/licenses/by-sa/4.0/deed.en,4.0 International,mixed
mixed_0084.jpg,Zaqarbal,https://commons.wikimedia.org/wiki/User:Zaqarbal,https://commons.wikimedia.org/wiki/File:Gato_callejero_en_Madrid_01.jpg,https://creativecommons.org/licenses/by-sa/3.0/deed.en,3.0 Unported,mixed
mixed_0085.jpg,Charles Lam,https://www.flickr.com/people/49296659@N00,https://commons.wikimedia.org/wiki/File:Calling_(5091413020).jpg,https://creativecommons.org/licenses/by-sa/2.0/deed.en,Attribution-Share Alike 2.0 Generic,mixed
mixed_0086.jpg,Charles Lam,https://www.flickr.com/people/49296659@N00,https://commons.wikimedia.org/wiki/File:Hairy_(8375892682)_(2012_photo;_cropped_2022).jpg,https://creativecommons.org/licenses/by-sa/2.0/deed.en,Attribution-Share Alike 2.0 Generic,mixed
mixed_0087.jpg,Charles Lam,https://www.flickr.com/people/49296659@N00,https://commons.wikimedia.org/wiki/File:Hairy_(8375892682)_(2012_photo;_cropped_2022).jpg,https://creativecommons.org/licenses/by-sa/2.0/deed.en,Attribution-Share Alike 2.0 Generic,mixed
mixed_0088.jpg,Janusz Jakubowski,https://www.flickr.com/people/129661548@N06,https://commons.wikimedia.org/wiki/File:Cat29_(16817133419).jpg,https://creativecommons.org/licenses/by-sa/2.0/deed.en,Attribution-Share Alike 2.0 Generic,mixed
mixed_0089.jpg,Milan Suvajac,https://commons.wikimedia.org/wiki/User:My-wiki-photos,https://commons.wikimedia.org/wiki/File:Sarajevo_Hrgica_2011-11-08_(7).jpg,https://creativecommons.org/licenses/by-sa/4.0/deed.en,Attribution-Share Alike 4.0 International,mixed
mixed_0090.jpg,spoilt.exile,https://www.flickr.com/people/96301483@N05,https://commons.wikimedia.org/wiki/File:Spoilt.exile_DSC03023_(9113028859).jpg,https://creativecommons.org/licenses/by-sa/2.0/deed.en,Attribution-Share Alike 2.0 Generic,mixed
mixed_0091.jpg,Nickolas Titkov,https://www.flickr.com/people/31679151@N00,https://commons.wikimedia.org/wiki/File:%D0%94%D0%B5%D0%B2%D0%BE%D1%87%D0%BA%D0%B0_%D0%9C%D1%83%D1%80%D0%BA%D0%B0_(2323988008).jpg,https://creativecommons.org/licenses/by-sa/2.0/deed.en,Attribution-Share Alike 2.0 Generic,mixed
cornish_rex_0001.jpg,Jakub Hałun,https://commons.wikimedia.org/wiki/User:Jakubhal,https://commons.wikimedia.org/wiki/File:20170604_kot_wystawa_Krak%C3%B3w_8006.jpg,https://creativecommons.org/licenses/by-sa/4.0/deed.en,Attribution-Share Alike 4.0 International,cornish_rex
cornish_rex_0002.jpg,Otto.alipirjela,https://commons.wikimedia.org/w/index.php?title=User:Otto.alipirjela&action=edit&redlink=1,https://commons.wikimedia.org/wiki/File:Cornish_rex.jpg,https://creativecommons.org/licenses/by-sa/3.0/deed.en,Attribution-Share Alike 3.0 Unported,cornish_rex
cornish_rex_0003.jpg,Jiel Beaumadier,https://commons.wikimedia.org/wiki/User:Jiel,https://commons.wikimedia.org/wiki/File:Jielbeaumadier_sansha_rex_de_cornouailles_2_frankfurt_2012.jpeg,https://creativecommons.org/licenses/by-sa/4.0/deed.en,Attribution-Share Alike 4.0 International,cornish_rex
cornish_rex_0004.jpg,Nickolas Titkov,https://www.flickr.com/people/31679151@N00,https://commons.wikimedia.org/wiki/File:Cornish-rex_kitten_male_Selena_Lights_Wind_of_Change_(4488234493).jpg,https://creativecommons.org/licenses/by-sa/2.0/deed.en,Attribution-Share Alike 2.0 Generic,cornish_rex
cornish_rex_0005.jpg,Groeni,https://commons.wikimedia.org/w/index.php?title=User:Groeni&action=edit&redlink=1,https://commons.wikimedia.org/wiki/File:Olivia2.jpg,https://creativecommons.org/licenses/by-sa/2.5/deed.en,Attribution-Share Alike 2.5 Generic,cornish_rex
cornish_rex_0006.jpg,Nickolas Titkov,https://www.flickr.com/people/31679151@N00,https://commons.wikimedia.org/wiki/File:CRX_Int.Pr._Monamour_Elf_Grey_(11305850433).jpg,https://creativecommons.org/licenses/by-sa/2.0/deed.en,Attribution-Share Alike 2.0 Generic,cornish_rex
cornish_rex_0007.jpg,Nickolas Titkov,https://www.flickr.com/people/31679151@N00,https://commons.wikimedia.org/wiki/File:CRX_Ewan_Magic_Star_(11460747473).jpg,https://creativecommons.org/licenses/by-sa/2.0/deed.en,Attribution-Share Alike 2.0 Generic,cornish_rex
cornish_rex_0008.jpg,Nickolas Titkov,https://www.flickr.com/people/31679151@N00,https://commons.wikimedia.org/wiki/File:CRX_Holly_Argentiera_(11306807774).jpg,https://creativecommons.org/licenses/by-sa/2.0/deed.en,Attribution-Share Alike 2.0 Generic,cornish_rex
cornish_rex_0009.jpg,Nickolas Titkov,https://www.flickr.com/people/31679151@N00,https://commons.wikimedia.org/wiki/File:CRX_Holly_Argentiera_(11306810364).jpg,https://creativecommons.org/licenses/by-sa/2.0/deed.en,Attribution-Share Alike 2.0 Generic,cornish_rex
cornish_rex_0010.jpg,Nickolas Titkov,https://www.flickr.com/people/31679151@N00,https://commons.wikimedia.org/wiki/File:CRX_(3093439508).jpg,https://creativecommons.org/licenses/by-sa/2.0/deed.en,Attribution-Share Alike 2.0 Generic,cornish_rex
cornish_rex_0011.jpg,Laika ac,https://www.flickr.com/people/68240136@N02,https://commons.wikimedia.org/wiki/File:Laika_ac_Cat_Cafe_(7641733534).jpg,https://creativecommons.org/licenses/by-sa/2.0/deed.en,Attribution-Share Alike 2.0 Generic,cornish_rex
cornish_rex_0012.jpg,Nickolas Titkov,https://www.flickr.com/people/31679151@N00,https://commons.wikimedia.org/wiki/File:CRX_Star_Loose%27s_Danaya_Libek_(3434514843).jpg,https://creativecommons.org/licenses/by-sa/2.0/deed.en,Attribution-Share Alike 2.0 Generic,cornish_rex
cornish_rex_0013.jpg,Nickolas Titkov,https://www.flickr.com/people/31679151@N00,https://commons.wikimedia.org/wiki/File:CRX_Gerda_(4170912243).jpg,https://creativecommons.org/licenses/by-sa/2.0/deed.en,Attribution-Share Alike 2.0 Generic,cornish_rex
devon_rex_0001.jpg,Nickolas Titkov,https://www.flickr.com/people/31679151@N00,https://commons.wikimedia.org/wiki/File:Devon-rex_%E2%80%A2_%D0%94%D0%B5%D0%B2%D0%BE%D0%BD-%D1%80%D0%B5%D0%BA%D1%81_(5289781036).jpg,https://creativecommons.org/licenses/by-sa/2.0/deed.en,Attribution-Share Alike 2.0 Generic,devon_rex
devon_rex_0002.jpg,Judas goat,https://en.wikipedia.org/wiki/User:Judas_goat,https://commons.wikimedia.org/wiki/File:Si_rex.jpg,https://creativecommons.org/licenses/by-sa/2.5/deed.en,2.5 Generic,devon_rex
devon_rex_0003.jpg,Nickolas Titkov,https://www.flickr.com/people/31679151@N00,https://commons.wikimedia.org/wiki/File:DRX_Johnny_Piakriks_(6726237615).jpg,https://creativecommons.org/licenses/by-sa/2.0/deed.en,Attribution-Share Alike 2.0 Generic,devon_rex
devon_rex_0004.jpg,Nickolas Titkov,https://www.flickr.com/people/31679151@N00,https://commons.wikimedia.org/wiki/File:DRX_Koko_Chanel_(15669436772).jpg,https://creativecommons.org/licenses/by-sa/2.0/deed.en,Attribution-Share Alike 2.0 Generic,devon_rex
devon_rex_0005.jpg,Nickolas Titkov,https://www.flickr.com/people/31679151@N00,https://commons.wikimedia.org/wiki/File:DRX_Emily_Wind_Freedom*BY_(11349065303).jpg,https://creativecommons.org/licenses/by-sa/2.0/deed.en,Attribution-Share Alike 2.0 Generic,devon_rex
devon_rex_0006.jpg,Nickolas Titkov,https://www.flickr.com/people/31679151@N00,https://commons.wikimedia.org/wiki/File:DRX_Lirika%27s_Pacific_Ocean_(4488990818).jpg,https://creativecommons.org/licenses/by-sa/2.0/deed.en,Attribution-Share Alike 2.0 Generic,devon_rex
devon_rex_0007.jpg,Nickolas Titkov,https://www.flickr.com/people/31679151@N00,https://commons.wikimedia.org/wiki/File:DRX_Koko_Chanel_(15047866614).jpg,https://creativecommons.org/licenses/by-sa/2.0/deed.en,Attribution-Share Alike 2.0 Generic,devon_rex
devon_rex_0008.jpg,Nickolas Titkov,https://www.flickr.com/people/31679151@N00,https://commons.wikimedia.org/wiki/File:DRX_Wonderland%27s_Kelly_(5652368410).jpg,https://creativecommons.org/licenses/by-sa/2.0/deed.en,Attribution-Share Alike 2.0 Generic,devon_rex
devon_rex_0009.jpg,Frank Jania,https://www.flickr.com/people/73625989@N00,https://commons.wikimedia.org/wiki/File:The_girls_relaxing_(2247218819).jpg,https://creativecommons.org/licenses/by-sa/2.0/deed.en,Attribution-Share Alike 2.0 Generic,devon_rex
devon_rex_0010.jpg,Frank Jania,https://www.flickr.com/people/73625989@N00,https://commons.wikimedia.org/wiki/File:The_Kitty_Sisters_Lounging_(2331163618).jpg,https://creativecommons.org/licenses/by-sa/2.0/deed.en,Attribution-Share Alike 2.0 Generic,devon_rex
main_coon_0001.jpg,Takashi Hososhima,https://www.flickr.com/people/46151146@N04,https://commons.wikimedia.org/wiki/File:Karin_Maine_Coon.jpg,https://creativecommons.org/licenses/by-sa/2.0/deed.en,Attribution-Share Alike 2.0 Generic,main_coon
main_coon_0002.jpg,Nortlio,https://commons.wikimedia.org/wiki/User:Nortlio,https://commons.wikimedia.org/wiki/File:Maine_Coon_Meowing.jpg,https://creativecommons.org/licenses/by-sa/4.0/deed.en,Attribution-Share Alike 4.0 International,main_coon
main_coon_0003.jpg,Helenaver,https://commons.wikimedia.org/wiki/User:Helenaver,"https://commons.wikimedia.org/wiki/File:Cujo,_a_tabby_Maine_Coon_cat.jpg",https://creativecommons.org/licenses/by-sa/4.0/deed.en,Attribution-Share Alike 4.0 International,main_coon
main_coon_0004.jpg,Mueller-rech.muenchen,https://commons.wikimedia.org/wiki/User:Mueller-rech.muenchen,https://commons.wikimedia.org/wiki/File:Maine_Coon_female.jpg,https://creativecommons.org/licenses/by-sa/3.0/deed.en,Attribution-Share Alike 3.0 Unported,main_coon
main_coon_0005.jpg,Mueller-rech.muenchen,https://commons.wikimedia.org/wiki/User:Mueller-rech.muenchen,https://commons.wikimedia.org/wiki/File:Young_Maine_Coon_Male.jpg,https://creativecommons.org/licenses/by-sa/3.0/deed.en,Attribution-Share Alike 3.0 Unported,main_coon
main_coon_0006.jpg,Mcostars,https://commons.wikimedia.org/wiki/User:Mcostars,https://commons.wikimedia.org/wiki/File:Maine_Coon_Opium.jpg,https://creativecommons.org/licenses/by-sa/3.0/deed.en,Attribution-Share Alike 3.0 Unported,main_coon
main_coon_0007.jpg,DrCruse,https://commons.wikimedia.org/wiki/User:DrCruse,https://commons.wikimedia.org/wiki/File:Study_of_Maine_Coon_1.JPG,https://creativecommons.org/licenses/by-sa/3.0/deed.en,Attribution-Share Alike 3.0 Unported,main_coon
main_coon_0008.jpg,Valeri Pizhanski,https://www.flickr.com/people/55170520@N08,https://commons.wikimedia.org/wiki/File:Orchid_(Maine_Coon)_(35188905271).jpg,https://creativecommons.org/licenses/by-sa/2.0/deed.en,Attribution-Share Alike 2.0 Generic,main_coon
main_coon_0009.jpg,ThatPeskyCommoner,https://commons.wikimedia.org/wiki/User:ThatPeskyCommoner,https://commons.wikimedia.org/wiki/File:Maine_Coon_And_Moggy_Size_Comparison.jpg,https://creativecommons.org/licenses/by-sa/3.0/deed.en,Attribution-Share Alike 3.0 Unported,main_coon
main_coon_0010.jpg,Mandruss,https://en.wikipedia.org/wiki/User:Mandruss,https://commons.wikimedia.org/wiki/File:Maine_Coon_female_2_(retouched).jpg,https://creativecommons.org/licenses/by-sa/4.0/deed.en,Attribution-Share Alike 4.0 International,main_coon
main_coon_0011.jpg,BetacommandBot,https://commons.wikimedia.org/wiki/User:BetacommandBot,https://commons.wikimedia.org/wiki/File:Maine_Coon_1015.jpg,https://creativecommons.org/licenses/by/2.5/deed.en,Attribution 2.5 Generic,main_coon
main_coon_0012.jpg,Gijs Bolmeijer,https://commons.wikimedia.org/wiki/User:Gijs_Bolmeijer,https://commons.wikimedia.org/wiki/File:Dutch_Maine_Coon_cat_standing_on_a_chair.jpg,https://creativecommons.org/licenses/by-sa/4.0/deed.en,Attribution-Share Alike 4.0 International,main_coon
main_coon_0013.jpg,Mueller-rech.muenchen,https://commons.wikimedia.org/wiki/User:Mueller-rech.muenchen,https://commons.wikimedia.org/wiki/File:Maine_Coon_female_blue-cream-tabby.jpg,https://creativecommons.org/licenses/by-sa/3.0/deed.en,Attribution-Share Alike 3.0 Unported,main_coon
main_coon_0014.jpg,Rob Marquardt,https://www.flickr.com/people/sometoast/,https://commons.wikimedia.org/wiki/File:Tabby_Main_Coon_cat.jpg,https://creativecommons.org/licenses/by-sa/2.0/deed.en,Attribution-Share Alike 2.0 Generic,main_coon
main_coon_0015.jpg,Tomitheos,https://www.flickr.com/people/tomitheos/,https://commons.wikimedia.org/wiki/File:Maine_Coon.JPG,https://creativecommons.org/licenses/by-sa/3.0/deed.en,Attribution-Share Alike 3.0 Unported,main_coon
main_coon_0016.jpg,Mueller-rech.muenchen,https://commons.wikimedia.org/wiki/User:Mueller-rech.muenchen,https://commons.wikimedia.org/wiki/File:Old_Maine_Coon.JPG,https://creativecommons.org/licenses/by-sa/3.0/deed.en,Attribution-Share Alike 3.0 Unported,main_coon
main_coon_0017.jpg,Isasza,https://commons.wikimedia.org/wiki/User:Isasza,"https://commons.wikimedia.org/wiki/File:Jazz,_la_Maine_Coon.JPG",https://creativecommons.org/licenses/by-sa/4.0/deed.en,Attribution-Share Alike 4.0 International,main_coon
main_coon_0018.jpg,Mueller-rech.muenchen,https://commons.wikimedia.org/wiki/User:Mueller-rech.muenchen,https://commons.wikimedia.org/wiki/File:BlacktabbyMaine_Coon.JPG,https://creativecommons.org/licenses/by-sa/3.0/deed.en,Attribution-Share Alike 3.0 Unported,main_coon
main_coon_0019.jpg,Nickolas Titkov,https://www.flickr.com/people/31679151@N00,https://commons.wikimedia.org/wiki/File:MCO_(Main-coon)_(4173069309).jpg,https://creativecommons.org/licenses/by-sa/2.0/deed.en,Attribution-Share Alike 2.0 Generic,main_coon
main_coon_0020.jpg,Azurfrog,https://commons.wikimedia.org/wiki/User:Azurfrog,https://commons.wikimedia.org/wiki/File:Chatte_Maine_Coon_Crop.jpg,https://creativecommons.org/licenses/by-sa/4.0/deed.en,Attribution-Share Alike 4.0 International,main_coon
main_coon_0021.jpg,Michaelphillipr,https://commons.wikimedia.org/wiki/User:Michaelphillipr,https://commons.wikimedia.org/wiki/File:Maine_coon_x_NFC.jpg,https://creativecommons.org/licenses/by-sa/3.0/deed.en,Attribution-Share Alike 3.0 Unported,main_coon
main_coon_0022.jpg,Jan (Arny) Messersmith,https://commons.wikimedia.org/wiki/User:SedonaGuy,https://commons.wikimedia.org/wiki/File:Lulu_-_A_typical_Maine_Coon_cat.jpg,https://creativecommons.org/licenses/by-sa/4.0/deed.en,Attribution-Share Alike 4.0 International,main_coon
main_coon_0023.jpg,Rob Marquardt,https://www.flickr.com/people/22315104@N00,https://commons.wikimedia.org/wiki/File:Pose_(3169823159).jpg,https://creativecommons.org/licenses/by-sa/2.0/deed.en,Attribution-Share Alike 2.0 Generic,main_coon
main_coon_0024.jpg,Nickolas Titkov,https://www.flickr.com/people/31679151@N00,https://commons.wikimedia.org/wiki/File:MCO_Murmurcat_Lukas_Hofer_(13997450237).jpg,https://creativecommons.org/licenses/by-sa/2.0/deed.en,Attribution-Share Alike 2.0 Generic,main_coon
main_coon_0025.jpg,Nickolas Titkov,https://www.flickr.com/people/31679151@N00,https://commons.wikimedia.org/wiki/File:MCO_Baidana_From_LuKoshkino_(4173443787).jpg,https://creativecommons.org/licenses/by-sa/2.0/deed.en,Attribution-Share Alike 2.0 Generic,main_coon
main_coon_0026.jpg,Nickolas Titkov,https://www.flickr.com/people/31679151@N00,https://commons.wikimedia.org/wiki/File:MCO_Murmurcat_Lukas_Hofer_(13997403659).jpg,https://creativecommons.org/licenses/by-sa/2.0/deed.en,Attribution-Share Alike 2.0 Generic,main_coon
